gtin;sku;stock
;126486-35-NERO;0
;126486-36-NERO;0
;126486-37-NERO;0
;126486-38-AJR;0
;126486-38-NERO;0
;126486-39-NERO;0
;126486-40-NERO;0
;126486-41-NERO;0
;126493-36-BIANCO;0
;126493-37-BIANCO;0
;126493-38-BIANCO;0
;126493-39-BIANCO;0
;126493-40-BIANCO;0
;126493-40-BLU;0
;126497-35-NERO;0
;126497-36-GIALLO;0
;126497-36-NERO;0
;126497-37-GIALLO;0
;126497-37-NERO;0
;126497-38-GIALLO;0
;126497-38-NERO;0
;126497-39-GIALLO;0
;126497-39-NERO;0
;126497-40-GIALLO;0
;126497-40-NERO;0
;126497-41-GIALLO;0
;126497-41-NERO;0
;126499-35-ABL;0
;126499-36-.OXX;0
;126499-36-ABL;0
;126499-36-ROSSO;0
;126499-37-ABL;0
;126499-37-ROSSO;0
;126499-38-ABL;0
;126499-38-OXX;0
;126499-39-OXX;0
;126499-39-ROSSO;0
;126499-40-ABL;0
;126499-40-OXX;0
;126501-35-NERO;0
;126501-35-OQJ;0
;126501-36-NERO;0
;126501-36-OQJ;0
;126501-37-NERO;0
;126501-37-OQJ;0
;126501-38-NERO;0
;126501-39-NERO;0
;126501-40-NERO;0
;126501-41-NERO;0
;126501-41-OQJ;0
;126503-35-NERO;0
;126503-35NERO;0
;126503-36-NERO;0
;126503-37-NERO;0
;126503-41NERO;0
;126609-35-GIALLO;0
;126609-35-NERO;0
;126609-36-GIALLO;0
;126609-36-NERO;0
;126609-37-GIALLO;0
;126609-37-NERO;0
;126609-38-GIALLO;0
;126609-38-NERO;0
;126609-39-GIALLO;0
;126609-39-NERO;0
;126609-40-GIALLO;0
;126609-40-NERO;0
;126609-41-GIALLO;0
;126609-41-NERO;0
;126611-35-NERO;0
;126611-35-NUDE;0
;126611-36-NERO;0
;126611-36-NUDE;0
;126611-37-NERO;0
;126611-37-NUDE;0
;126611-38-NERO;0
;126611-38-NUDE;0
;126611-39-NERO;0
;126611-39-NUDE;0
;126611-40-NERO;0
;126611-40-NUDE;0
;126611-41-NERO;0
;126611-41-NUDE;0
;126614-35-GRIGIO;0
;126614-35-NERO;0
;126614-36-GRIGIO;0
;126614-36-NERO;0
;126614-37-GRIGIO;0
;126614-37-NERO;0
;126614-38-GRIGIO;0
;126614-38NERO;0
;126614-39-GRIGIO;0
;126614-39-NERO;0
;126614-40-GRIGIO;0
;126614-40-NERO;0
;126614-41-GRIGIO;0
;126618-35-NERO;0
;"14999-35-NAVY BLU";20
;14999-35-NERO;0
;"14999-35-PATAGONIA FUMO";0
;14999-35-ROSSO;0
;"14999-36-NAVY BLU";0
;14999-36-NERO;0
;"14999-36-PATAGONIA FUMO";0
;14999-36-ROSSO;0
;"14999-37-NAVY BLU";0
;14999-37-NERO;0
;"14999-37-PATAGONIA FUMO";0
;14999-37-ROSSO;0
;"14999-38-NAVY BLU";0
;14999-38-NERO;0
;"14999-38-PATAGONIA FUMO";0
;14999-38-ROSSO;0
;"14999-39-NAVY BLU";0
;14999-39-NERO;0
;"14999-39-PATAGONIA FUMO";0
;14999-39-ROSSO;0
;"14999-40-NAVY BLU";0
;14999-40-NERO;0
;"14999-40-PATAGONIA FUMO";0
;14999-40-ROSSO;0
;"14999-41-NAVY BLU";0
;14999-41-NERO;0
;"14999-41-PATAGONIA FUMO";0
;14999-41-ROSSO;0
;1750-35-SELLA;0
;1750-36-SELLA;0
;1750-37-SELLA;0
;1750-38-SELLA;0
;1750-39-SELLA;0
;1750-40-SELLA;0
;1750-41-SELLA;0
;1850-36-NERO;0
;1850-37-BORDEAUX;0
;1850-37-NERO;0
;1850-38-BORDEAUX;0
;1850-38-NERO;0
;1850-39-BORDEAUX;0
;1850-39-NERO;0
;1850-40-BORDEAUX;0
;1850-40-NERO;0
;1850-41-BORDEAUX;0
;1850-41-NERO;0
;1851-41-BORDEAUX;0
;1873-38-BORDEAUX;0
;1890-37-BORDEAUX;0
;1890-39-BORDEAUX;0
;1890-39-NERO;0
;1890-40-BORDEAUX;0
;1890-40-NERO;0
;1890-41-NERO;0
;1890-41-NERO;0
;1891-38-DORATO;0
;1891-38-NERO;0
;1891-39-DORATO;0
;1972-36-NERO;0
;1972-37-NERO;0
;1972-39-NERO;0
;1972-40-BORDEAUX;0
;1972-40-NERO;0
;1972-41-NERO;0
;1972-38-BORDEAUX;0
;1973-38-BORDEAUX;0
;1973-40-BORDEAUX;0
;2311-36-BLU;0
;2311-37-BLU;0
;2311-37-BORDEAUX;0
;2311-37-NERO;0
;2311-38-BLU;0
;2311-38-BORDEAUX;0
;2311-39-BLU;0
;2311-39-BORDEAUX;0
;2311-39-NERO;0
;2311-40-BLU;0
;2311-40-BORRDEAUX;0
;2311-40-NERO;0
;2311-41-BLU;0
;2311-41-BORDEAUX;0
;2311-36-NERO;0
;4324-35-PORPORA;0
;4324-36-PORPORA;0
;4324-37-PORPORA;0
;4324-38-PORPORA;0
;4324-39-PORPORA;0
;4324-40-PORPORA;0
;4324-41-PORPORA;0
;4324Z-36-BLU-BEIGE-ROSSO;0
;4324Z-37-BLU-BEIGE-ROSSO;0
;4324Z-39-BLU-BEIGE-ROSSO;0
;4324Z-40-BLU-BEIGE-ROSSO;0
;4392-35-NUDE;0
;4392-36-NUDE;0
;4392-37-NUDE;0
;4392-38-NUDE;0
;4392-39-NUDE;0
;4392-40-NUDE;0
;4392-41-NUDE;0
;4537-35-CUOIO;0
;4537-36-CUOIO;0
;4537-36-PORPORA;0
;4537-37-CUOIO;0
;4537-37-PORPORA;0
;4537-38-CUOIO;0
;4537-38-PORPORA;0
;4537-39-CUOIO;0
;4537-39-PORPORA;0
;4537-40-CUOIO;0
;4537-40-PORPORA;0
;4537-41-CUOIO;0
;4537-41-PORPORA;0
;4540-35-NERO;0
;4540-35-TAN;0
;4540-36-NERO;0
;4540-37-NERO;0
;4540-37-TAN;0
;4540-38-NERO;0
;4540-38-TAN;0
;4540-39-NERO;0
;4540-40-NERO;0
;4540-41-NERO;0
;4540-41-TAN;0
;7733--38-GRIGIO;0
;7733-36-NERO;0
;7733-37-GRIGIO;0
;7733-37-NERO;0
;7733-39-GRIGIO;0
;7733-39-NERO;0
;7733-40-GRIGIO;0
;7733-40-NERO;0
;7733-41-GRIGIO;0
;7733-41-NERO;0
;7733-38-NERO;0
;8333-35-NERO;0
;8333-35-ROSSO;0
;8333-35-VERDE;0
;8333-36-NERO;0
;8333-36-ROSSO;0
;8333-36-VERDE;0
;8333-37-NERO;0
;8333-37-ROSSO;0
;8333-37-VERDE;0
;8333-38-NERO;0
;8333-38-ROSSO;0
;8333-38-VERDE;0
;8333-39-NERO;0
;8333-39-ROSSO;0
;8333-39-VERDE;0
;8333-40-NERO;0
;8333-40-ROSSO;0
;8333-40-VERDE;0
;8333-41-NERO;0
;8333-41-ROSSO;0
;8333-41-VERDE;0
;90700-L-BIANCO;0
;90700-L-NUDE;0
;90700-M-BIANCO;0
;90700-M-NUDE;0
;90700-XL-BIANCO;0
;90700-XXL-BIANCO;0
;90700-XXL-NUDE;0
;92030-L-BLU;0
;92030-L-GRIGIO;0
;92030-L-LILLA;0
;92030-M-BLU;0
;92030-M-LILLA;0
;92030-XL-BLU;0
;92030-XL-LILLA;0
;92034-L-BLU;0
;92034-L-GRIGIO;0
;92034-L-ROSA;0
;92034-M-BLU;0
;92034-M-GRIGIO;0
;92034-M-ROSA;0
;92034-XL-BLU;0
;92034-XL-GRIGIO;0
;92034-XL-ROSA;0
;990704S-L-BIANCO;0
;990704S-L-SKIN;0
;990704S-M-BIANCO;0
;990704S-M-NERO;0
;990704S-M-SKIN;0
;990704S-S-BIANCO;0
;990704S-S-NERO;0
;990704S-XL-BIANCO;0
;APR5370-38-NERO;0
;APR5370-39-NERO;0
;APR5384-38-NERO;0
;APR5386-38-NERO;0
;APR5386-37-NERO;0
;BIA92010S-L-BIANCO;0
;BIA92010S-M-BIANCO;0
;BIA92010S-S-BIANCO;0
;BIA92010S-XL-BIANCO;0
;BIA92012S-L-BIANCO;0
;"BIA92012S-L-BLU MARINO";0
;BIA92012S-L-NERO;0
;BIA92012S-M-BIANCO;0
;"BIA92012S-M-BLU MARINO";0
;BIA92012S-M-NERO;0
;BIA92012S-S-BIANCO;0
;"BIA92012S-S-BLU MARINO";0
;BIA92012S-S-NERO;0
;BIA92012S-XL-BIANCO;0
;"BIA92012S-XL-BLU MARINO";0
;BIA92012S-XL-NERO;0
;BIA92013S-L-BLU;0
;BIA92013S-L-CORALLO;0
;BIA92013S-L-NERO;0
;BIA92013S-M-BLU;0
;BIA92013S-M-CORALLO;0
;BIA92013S-M-NERO;0
;BIA92013S-S-BLU;0
;BIA92013S-S-CORALLO;0
;BIA92013S-S-NERO;0
;BIA92013S-XL-BLU;0
;BIA92013S-XL-CORALLO;0
;BIA92013S-XL-NERO;0
;BIA92014S-L-BLU;0
;BIA92014S-M-BLU;0
;BIA92014S-S-BLU;0
;BIA92014S-XL-BLU;0
;CLU5750-35-MARRONE;0
;CLU5750-35-NERO;0
;CLU5750-36-MARRONE;0
;CLU5750-36-NERO;0
;CLU5750-37-MARRONE;0
;CLU5750-37-NERO;0
;CLU5750-39-MARRONE;0
;CLU5750-38-MARRONE;0
;CLU5750-39-NERO;0
;CLU5750-40-MARRONE;0
;CLU5750-40-NERO;0
;CLU5750-38-NERO;0
;CLU5750-41-NERO;0
;CLU5753-35-MARRONE;0
;CLU5753-36-MARRONE;0
;CLU5753-36-NERO;0
;CLU5753-37-MARRONE;0
;CLU5753-37-NERO;0
;CLU5753-38-MARRONE;0
;CLU5753-38-NERO;0
;CLU5753-39-MARRONE;0
;CLU5753-39-NERO;0
;CLU5753-40-MARRONE;0
;CLU5753-40-NERO;0
;CLU5753-41-MARRONE;0
;CLU5753-41-NERO;0
;CLU5754-37-NERO;0
;CLU5756-36-NERO;0
;CLU5756-37-NERO;0
;CLU5756-38-NERO;0
;CLU5756-39-NERO;0
;CLU5756-40-NERO;0
;CLU5756-41-NERO;0
;CLU5760-37-NERO;0
;CLU5760-38-NERO;0
;CLU5760-39-NERO;0
;CLU5760-40-NERO;0
;CLU5760-41-NERO;0
;CLU5761-36-MARRONE;0
;CLU5761-36-NERO;0
;CLU5761-37-MARRONE;0
;CLU5761-37-NERO;0
;CLU5761-38-MARRONE;0
;CLU5761-38-NERO;0
;CLU5761-39-MARRONE;0
;CLU5761-39-NERO;0
;CLU5761-40-MARRONE;0
;CLU5761-40-NERO;0
;CLU5762-35-MARRONE;0
;CLU5762-36-MARRONE;0
;CLU5762-36-NERO;0
;CLU5762-37-MARRONE;0
;CLU5762-37-NERO;0
;CLU5762-38-MARRONE;0
;CLU5762-38-NERO;0
;CLU5762-39-MARRONE;0
;CLU5762-39-NERO;0
;CLU5762-40-MARRONE;0
;CLU5762-40-NERO;0
;CLU5762-41-MARRONE;0
;CLU5762-41-NERO;0
;CLU5763-36-NERO;0
;CLU5763-37-MARRONE;0
;CLU5763-37-NERO;0
;CLU5763-38-MARRONE;0
;CLU5763-38-NERO;0
;CLU5763-39-MARRONE;0
;CLU5763-39-NERO;0
;CLU5763-40-MARRONE;0
;CLU5763-40-NERO;0
;CLU5763-41-MARRONE;0
;CLU5763-41-NERO;0
;CLU5764-36-MARRONE;0
;CLU5764-36-NERO;0
;CLU5764-37-MARRONE;0
;CLU5764-37-NERO;0
;CLU5764-38-MARRONE;0
;CLU5764-38-NERO;0
;CLU5764-39-MARRONE;0
;CLU5764-39-NERO;0
;CLU5764-40-MARRONE;0
;CLU5764-40-NERO;0
;CLU5764-41-MARRONE;0
;CLU5764-41-NERO;0
;CLU5791-36-MARRONE;0
;CLU5791-37-MARRONE;0
;CLU5791-38-MARRONE;0
;CLU5791-39-MARRONE;0
;CLU5791-40-MARRONE;0
;CLU5792-37-NERO;0
;CLU5794-35-BEIGE;0
;CLU5794-38-BEIGE;0
;CLU5794-40-BEIGE;0
;CLU5794-37-TAUPE;0
;CLU5800-36-BEIGE;0
;CLU5800-37-BEIGE;0
;CLU5800-38-BEIGE;0
;CLU5800-39-BEIGE;0
;CLU5800-41-BEIGE;0
;CLU5801-36-MARRONE;0
;CLU5801-37-MARONE;0
;CLU5801-37-NERO;0
;CLU5801-38-MARRONE;0
;CLU5801-39-MARRONE;0
;CLU5801-40-MARRONE;0
;CLU5803-35-MARRONE;0
;CLU5803-36-MARRONE;0
;CLU5803-36-NERO;0
;CLU5803-37-MARRONE;0
;CLU5803-37-NERO;0
;CLU5803-38-MARRONE;0
;CLU5803-38-NERO;0
;CLU5803-39-MARRONE;0
;CLU5803-39-NERO;0
;CLU5803-40-MARRONE;0
;CLU5803-40-NERO;0
;CLU5803-41-MARRONE;0
;CLU5803-41-NERO;0
;CLU5804-35-MARRONE;0
;CLU5804-36-BORDEAUX;0
;CLU5804-36-NERO;0
;CLU5804-37-BORDEAUX;0
;CLU5804-37-NERO;0
;CLU5804-38-BORDEAUX;0
;CLU5804-38-NERO;0
;CLU5804-39-BORDEAUX;0
;CLU5804-39-NERO;0
;CLU5804-40-BORDEAUX;0
;CLU5804-40-NERO;0
;CLU5804-41-BORDEAUX;0
;CLU5804-41-NERO;0
;CLU5810-35-NERO;0
;CLU5810-36-NERO;0
;CLU5810-37-NERO;0
;CLU5810-38-NERO;0
;CLU5810-39-NERO;0
;CLU5810-40-NERO;0
;CLU5810-41-NERO;0
;CLU5811-36-NERO;0
;CLU5811-37-NERO;0
;CLU5811-38-NERO;0
;CLU5811-39-NERO;0
;CLU5811-40-NERO;0
;CLU5811-41-NERO;0
;CLU5813-36-NERO;0
;CLU5813-37-NERO;0
;CLU5813-38-NERO;0
;CLU5813-39-NERO;0
;CLU5813-40-NERO;0
;CLU5813-41-NERO;0
;D621EC-37-NERO;0
;D621EC-38-NERO;0
;D621EC-39-NERO;0
;"D642SC -35-GRIGIO";0
;"D642SC -36-GRIGIO";0
;"D642SC -37-GRIGIO";0
;"D642SC -38-GRIGIO";0
;"D642SC -39-GRIGIO";0
;"D642SC -40-GRIGIO";0
;D643DCC9H6J-35-LEAD-CHESTNUT;0
;D643DCC9H6J-36-LEAD-CHESTNUT;0
;D643DCC9H6J-37-LEAD-CHESTNUT;0
;D643DCC9H6J-38-LEAD-CHESTNUT;0
;D643DCC9H6J-39-LEAD-CHESTNUT;0
;D643DCC9H6J-40-LEAD-CHESTNUT;0
;D643DCC9H6J-41-LEAD-CHESTNUT;0
;D6468C-35-NERO;0
;D724GFC5K9H-35-CREAM-LEAD;0
;D724GFC5K9H-36-CREAM-LEAD;0
;D724GFC5K9H-37-CREAM-LEAD;0
;D724GFC5K9H-38-CREAM-LEAD;0
;D724GFC5K9H-39-CREAM-LEAD;0
;D84AWA-36-NERO;0
;D84AWA-38-NERO;0
;D84AWA-40-NERO;0
;D84AWA-41-NERO;0
;D84AWA-42-NERO;0
;D922CAC9999-35-BLACK;0
;D922CAC9999-36-BLACK;0
;D922CAC9999-37-BLACK;0
;D922CAC9999-38-BLACK;0
;D922CAC9999-39-BLACK;0
;D922CAC9999-40-BLACK;0
;D922CAC9999-41-BLACK;0
;"D922CDC1236-35-WHITE-LT. GREY";0
;"D922CDC1236-36-WHITE-LT. GREY";0
;"D922CDC1236-37-WHITE-LT. GREY";0
;"D922CDC1236-38-WHITE-LT. GREY";0
;"D922CDC1236-39-WHITE-LT. GREY";0
;"D922CDC1236-40-WHITE-LT. GREY";0
;"D922CDC1236-41-WHITE-LT. GREY";0
;D922CDC9999-36-BLACK;0
;D922CDC9999-37-BLACK;0
;D922CDC9999-38-BLACK;0
;D922CDC9999-39-BLACK;0
;D922CDC9999-40-BLACK;0
;D922CDC9999-41-BLACK;0
;"D922QAC5379-37-BEIGE-LT. GOLD";0
;"D922QAC5379-38-BEIGE-LT. GOLD";0
;"D922QAC5379-39-BEIGE-LT. GOLD";0
;"D922QAC5379-40-BEIGE-LT. GOLD";0
;"D922QAC5379-41-BEIGE-LT. GOLD";0
;D926CAC9999-37-BLACK;0
;D926CAC9999-38-BLACK;0
;D926CAC9999-39-BLACK;0
;D926CAC9999-40-BLACK;0
;D926CAC9999-41-BLACK;0
;"D926DAC5AH6-36-BEIGE-LT. TAUPE";0
;"D926DAC5AH6-37-BEIGE-LT. TAUPE";0
;"D926DAC5AH6-38-BEIGE-LT. TAUPE";0
;"D926DAC5AH6-39-BEIGE-LT. TAUPE";0
;"D926DAC5AH6-40-BEIGE-LT. TAUPE";0
;"D926DAC5AH6-41-BEIGE-LT. TAUPE";0
;"D926HDC1002-35-OFF WHTE";0
;"D926HDC1002-36-OFF WHTE";0
;"D926HDC1002-37-OFF WHTE";0
;"D926HDC1002-38-OFF WHTE";0
;"D926HDC1002-39-OFF WHTE";0
;"D926HDC1002-40-OFF WHTE";0
;"D926HDC1002-41-OFF WHTE";0
;D926HDC6738-36-LT.TAUPE;0
;D926HDC6738-37-LT.TAUPE;0
;D926HDC6738-38-LT.TAUPE;0
;D926HDC6738-39-LT.TAUPE;0
;D926HDC6738-40-LT.TAUPE;0
;D926HDC6738-41-LT.TAUPE;0
;"D927LACH65K-36-LT. TAUPE-CREAM";0
;"D927LACH65K-37-LT. TAUPE-CREAM";0
;"D927LACH65K-38-LT. TAUPE-CREAM";0
;"D927LACH65K-39-LT. TAUPE-CREAM";0
;"D927LACH65K-40-LT. TAUPE-CREAM";0
;"D927LACH65K-41-LT. TAUPE-CREAM";0
;D929GBC4002-35-NAVY;0
;D929GBC4002-36-NAVY;0
;D929GBC4002-37-NAVY;0
;D929GBC4002-38-NAVY;0
;D929GBC4002-39-NAVY;0
;D929GBC4002-40-NAVY;0
;D929GBC4002-41-NAVY;0
;"D92DLAC1405-35-OPTIC WHITE";0
;"D92DLAC1405-36-OPTIC WHITE";0
;"D92DLAC1405-37-OPTIC WHITE";0
;"D92DLAC1405-38-OPTIC WHITE";0
;"D92DLAC1405-39-OPTIC WHITE";0
;"D92DLAC1405-40-OPTIC WHITE";0
;"D92DLAC1405-41-OPTIC WHITE";0
;D92DLAC5000-35-BEIGE;0
;D92DLAC5000-36-BEIGE;0
;D92DLAC5000-37-BEIGE;0
;D92DLAC5000-38-BEIGE;0
;D92DLAC5000-39-BEIGE;0
;D92DLAC5000-40-BEIGE;0
;D92DLAC5000-41-BEIGE;0
;D92DLAC9999-35-BLACK;0
;D92DLAC9999-36-BLACK;0
;D92DLAC9999-37-BLACK;0
;D92DLAC9999-38-BLACK;0
;D92DLAC9999-39-BLACK;0
;D92DLAC9999-40-BLACK;0
;D92DLAC9999-41-BLACK;0
;"D92DLCC1R1Q-35-OPTIC WHIT- OFF WHITE";0
;"D92DLCC1R1Q-36-OPTIC WHIT- OFF WHITE";0
;"D92DLCC1R1Q-37-OPTIC WHIT- OFF WHITE";0
;"D92DLCC1R1Q-38-OPTIC WHIT- OFF WHITE";0
;"D92DLCC1R1Q-39-OPTIC WHIT- OFF WHITE";0
;"D92DLCC1R1Q-40-OPTIC WHIT- OFF WHITE";0
;"D92DLCC1R1Q-41-OPTIC WHIT- OFF WHITE";0
;D92DLCC9999-35-BLACK;0
;D92DLCC9999-36-BLACK;0
;D92DLCC9999-37-BLACK;0
;D92DLCC9999-38-BLACK;0
;D92DLCC9999-39-BLACK;0
;D92DLCC9999-40-BLACK;0
;D92DLCC9999-41-BLACK;0
;"D92DLEC1002-35-OFF WHITE";0
;"D92DLEC1002-36-OFF WHITE";0
;"D92DLEC1002-37-OFF WHITE";0
;"D92DLEC1002-38-OFF WHITE";0
;"D92DLEC1002-39-OFF WHITE";0
;"D92DLEC1002-40-OFF WHITE";0
;"D92DLEC1002-41-OFF WHITE";0
;"D92DLEC6738-35-LT. TAUPE";0
;"D92DLEC6738-36-LT. TAUPE";0
;"D92DLEC6738-37-LT. TAUPE";0
;"D92DLEC6738-38-LT. TAUPE";0
;"D92DLEC6738-39-LT. TAUPE";0
;"D92DLEC6738-40-LT. TAUPE";0
;"D92DLEC6738-41-LT. TAUPE";0
;D92DLEC7000-35-RED;0
;D92DLEC7000-36-RED;0
;D92DLEC7000-37-RED;0
;D92DLEC7000-38-RED;0
;D92DLEC7000-39-RED;0
;D92DLEC7000-40-RED;0
;D92DLEC7000-41-RED;0
;D92DLEC9999-35-BLACK;0
;D92DLEC9999-36-BLACK;0
;D92DLEC9999-37-BLACK;0
;D92DLEC9999-38-BLACK;0
;D92DLEC9999-39-BLACK;0
;D92DLEC9999-40-BLACK;0
;D92DLEC9999-41-BLACK;0
;D92P3BC9999-35-BLACK;0
;D92P3BC9999-36-BLACK;0
;D92P3BC9999-37-BLACK;0
;D92P3BC9999-38-BLACK;0
;D92P3BC9999-39-BLACK;0
;D92P3BC9999-40-BLACK;0
;D92P3BC9999-41-BLACK;0
;"D92R6AC1N1Q-35-LT.SILVER-OFF WHITE";0
;"D92R6AC1N1Q-36-LT.SILVER-OFF WHITE";0
;"D92R6AC1N1Q-37-LT.SILVER-OFF WHITE";0
;"D92R6AC1N1Q-38-LT.SILVER-OFF WHITE";0
;"D92R6AC1N1Q-39-LT.SILVER-OFF WHITE";0
;"D92R6AC1N1Q-40-LT.SILVER-OFF WHITE";0
;"D92R6AC1N1Q-41-LT.SILVER-OFF WHITE";0
;D92R6AC9999-35-BLACK;0
;D92R6AC9999-36-BLACK;0
;D92R6AC9999-37-BLACK;0
;D92R6AC9999-38-BLACK;0
;D92R6AC9999-39-BLACK;0
;D92R6AC9999-40-BLACK;0
;D92R6AC9999-41-BLACK;0
;"D92R6BC005-35-BLACK-DK. GREY";0
;"D92R6BC005-36-BLACK-DK. GREY";0
;"D92R6BC005-37-BLACK-DK. GREY";0
;"D92R6BC005-38-BLACK-DK. GREY";0
;"D92R6BC005-39-BLACK-DK. GREY";0
;"D92R6BC005-40-BLACK-DK. GREY";0
;"D92R6BC005-41-BLACK-DK. GREY";0
;"D92R6BC1151-35-OPTIC WHITE-SILVER";0
;"D92R6BC1151-36-OPTIC WHITE-SILVER";0
;"D92R6BC1151-37-OPTIC WHITE-SILVER";0
;"D92R6BC1151-38-OPTIC WHITE-SILVER";0
;"D92R6BC1151-39-OPTIC WHITE-SILVER";0
;"D92R6BC1151-40-OPTIC WHITE-SILVER";0
;"D92R6BC1151-41-OPTIC WHITE-SILVER";0
;D92R6BC5379-35-BEIGE-LT.GOLD;0
;D92R6BC5379-36-BEIGE-LT.GOLD;0
;D92R6BC5379-37-BEIGE-LT.GOLD;0
;D92R6BC5379-38-BEIGE-LT.GOLD;0
;D92R6BC5379-39-BEIGE-LT.GOLD;0
;D92R6BC5379-40-BEIGE-LT.GOLD;0
;D92R6BC5379-41-BEIGE-LT.GOLD;0
;"D92R6CC1002-35-OFF WHITE";0
;"D92R6CC1002-36-OFF WHITE";0
;"D92R6CC1002-37-OFF WHITE";0
;"D92R6CC1002-38-OFF WHITE";0
;"D92R6CC1002-39-OFF WHITE";0
;"D92R6CC1002-40-OFF WHITE";0
;"D92R6CC1002-41-OFF WHITE";0
;D92R6CC9999-35-BLACK;0
;D92R6CC9999-36-BLACK;0
;D92R6CC9999-37-BLACK;0
;D92R6CC9999-38-BLACK;0
;D92R6CC9999-39-BLACK;0
;D92R6CC9999-40-BLACK;0
;D92R6CC9999-41-BLACK;0
;ECLYPSE-35-NERO;0
;ECLYPSE-35-NOCCIOLA;0
;ECLYPSE-36-NERO;0
;ECLYPSE-36-NOCCIOLA;0
;ECLYPSE-37-NOCCIOLA;0
;ECLYPSE-37NERO;0
;ECLYPSE-38-NERO;0
;ECLYPSE-38-NOCCIOLA;0
;ECLYPSE-39-NERO;0
;ECLYPSE-39-NOCCIOLA;0
;ECLYPSE-40-NERO;0
;ECLYPSE-40-NOCCIOLA;0
;ECLYPSE-41-NERO;0
;ECLYPSE-41-NOCCIOLA;0
;EKLEKTIK-35-MILITARE;0
;EKLEKTIK-36-MILITARE;0
;EKLEKTIK-37-MILITARE;0
;EKLEKTIK-38-MILITARE;0
;EKLEKTIK-39-MILITARE;0
;EKLEKTIK-40-MILITARE;0
;EKLEKTIK-41-MILITARE;0
;HAMPTON-35-BORDEAUX;0
;"HAMPTON-35-TESTA DI MORO";0
;HAMPTON-36-BORDEAUX;0
;"HAMPTON-36-TESTA DI MORO";0
;HAMPTON-37-BORDEAUX;0
;"HAMPTON-37-TESTA DI MORO";0
;HAMPTON-38-BORDEAUX;0
;"HAMPTON-38-TESTA DI MORO";0
;HAMPTON-39-BORDEAUX;0
;"HAMPTON-39-TESTA DI MORO";0
;HAMPTON-40-BORDEAUX;0
;"HAMPTON-40-TESTA DI MORO";0
;HAMPTON-41-BORDEAUX;0
;"HAMPTON-41-TESTA DI MORO";0
;IDE3380-38-NAVY;0
;IDE3382-38-BLU;0
;IDE3382-38-GRIGIO;0
;IDE3382-38-MARRONE;0
;IDE3382-39-BLU;0
;IDE3382-39-NERO;0
;IDE3382NUVE;0
;IGS3982-36-BIANCO;0
;IGS3982-37-BIANCO;0
;IGS3982-38-BIANCO;0
;IGS3982-39-BIANCO;0
;IGS3982-40-BIANCO;0
;IGS3982-41-BIANCO;0
;IGS6521-36-PLATINO;0
;IGS6521-37-PLATINO;0
;IGS6521-38-PLATINO;0
;IGS6521-39-PLATINO;0
;IGS6521-40-PLATINO;0
;IGS6521-41-PLATINO;0
;IGS6522-35-NUDE;0
;IGS6522-36-BEIGE;0
;IGS6522-36-NUDE;0
;IGS6522-37-BEIGE;0
;IGS6522-37-NUDE;0
;IGS6522-38-BEIGE;0
;IGS6522-38-NUDE;0
;IGS6522-39-BEIGE;0
;IGS6522-39-NUDE;0
;IGS6522-40-BEIGE;0
;IGS6522-40-NUDE;0
;IGS6522-41-BEIGE;0
;IGS6522-35-NUDE;0
;IGS6524-36-PIOMBO;0
;IGS6524-37-PIOMBO;0
;IGS6524-38-PIOMBO;0
;IGS6524-39-PIOMBO;0
;IGS6524-40-PIOMBO;0
;IGS6524-41-PIOMBO;0
;IGS8731-35-NERO;0
;IGS8731-36-NERO;0
;IGS8731-37-NERO;0
;IGS8731-38-NERO;0
;IGS8731-39-NERO;0
;IGS8731-40-NERO;0
;MSV1431-36-NERO;0
;MSV1431-37-NERO;0
;MSV1431-40-NERO;0
;MSV1490-36-NERO;0
;MSV1490-37-BORDEAUX;0
;MSV1490-39-BORDEAUX;0
;MSV1490-41-NERO;0
;MSV1490-37-NERO;0
;MSV1493-36-GRIGIO;0
;MSV1493-36-NERO;0
;MSV1493-37-GRIGIO;0
;MSV1493-37-NERO;0
;MSV1493-38-GRIGIO;0
;MSV1493-38-NERO;0
;MSV1493-39-GRIGIO;0
;MSV1493-40-GRIGIO;0
;MSV1493-40-NERO;0
;MSV1966-37-BEIGE;0
;MSV3251-35-CUOIO;0
;MSV3251-35-CUOIO;0
;MSV3251-35-NERO;0
;MSV3251-36-CUOIO;0
;MSV3251-36-CUOIO;0
;MSV3251-36-NERO;0
;MSV3251-37-CUOIO;0
;MSV3251-37-CUOIO;0
;MSV3251-37-NERO;0
;MSV3251-38-CUOIO;0
;MSV3251-38-CUOIO;0
;MSV3251-38-NERO;0
;MSV3251-39-CUOIO;0
;MSV3251-39-CUOIO;0
;MSV3251-39-NERO;0
;MSV3251-40-CUOIO;0
;MSV3251-40-CUOIO;0
;MSV3251-40-NERO;0
;MSV3251-41-CUOIO;0
;MSV3251-41-CUOIO;0
;MSV3255-36-NERO;0
;MSV3255-36-TAN;0
;MSV3255-37-NERO;0
;MSV3255-37-TAN;0
;MSV3255-38-NERO;0
;MSV3255-38-TAN;0
;MSV3255-39-NERO;0
;MSV3255-39-TAN;0
;MSV3255-40-NERO;0
;MSV3255-40-TAN;0
;MSV3255-41-NERO;0
;MSV3256-36-GHIACCIO;0
;MSV3256-36-NERO;0
;MSV3256-37-NERO;0
;MSV3256-38-GHIACCIO;0
;MSV3256-38-NERO;0
;MSV3256-39-NERO;0
;"MSV3257-35- BIANCO";0
;MSV3257-35-GRANO;0
;MSV3257-35-ROSSO;0
;"MSV3257-36- BIANCO";0
;MSV3257-36-GRANO;0
;MSV3257-36-ROSSO;0
;"MSV3257-37- BIANCO";0
;MSV3257-37-GRANO;0
;MSV3257-37-ROSSO;0
;"MSV3257-38- BIANCO";0
;MSV3257-38-GRANO;0
;MSV3257-38-ROSSO;0
;"MSV3257-39- BIANCO";0
;MSV3257-39-GRANO;0
;MSV3257-39-ROSSO;0
;"MSV3257-40- BIANCO";0
;MSV3257-40-GRANO;0
;MSV3257-40-ROSSO;0
;"MSV3257-41- BIANCO";0
;MSV3257-41-GRANO;0
;MSV3257-41-ROSSO;0
;MSV3280-35-NERO;0
;MSV3280-35-NUDE;0
;MSV3280-36-NERO;0
;MSV3280-36-NUDE;0
;MSV3280-37-NERO;0
;MSV3280-37-NUDE;0
;MSV3280-38-NERO;0
;MSV3280-38-NUDE;0
;MSV3280-39-NERO;0
;MSV3280-39-NUDE;0
;MSV3280-40-NUDE;0
;MSV3280-41-NUDE;0
;MSV3281-35-BLU;0
;MSV3281-35-ROSSO;0
;MSV3281-36-BLU;0
;MSV3281-36-ROSSO;0
;MSV3281-37-BLU;0
;MSV3281-37-ROSSO;0
;MSV3281-38-BLU;0
;MSV3281-38-ROSSO;0
;MSV3281-39-BLU;0
;MSV3281-39-ROSSO;0
;MSV3281-40-BLU;0
;MSV3281-40-ROSSO;0
;MSV3281-41-BLU;0
;MSV3281-41-ROSSO;0
;MSV3283-35-CUOIO;0
;MSV3283-36-CUOIO;0
;MSV3283-36-NERO;0
;MSV3283-37-CUOIO;0
;MSV3283-37-NERO;0
;MSV3283-38-CUOIO;0
;MSV3283-38-NERO;0
;MSV3283-39-CUOIO;0
;MSV3283-39-NERO;0
;MSV3283-40-CUOIO;0
;MSV3283-41-CUOIO;0
;MSV3284-35-CUOIO;0
;MSV3284-35-ROSSO;0
;MSV3284-36-CUOIO;0
;MSV3284-36-ROSSO;0
;MSV3284-37-CUOIO;0
;MSV3284-38-CUOIO;0
;MSV3284-38-ROSSO;0
;MSV3284-39-CUOIO;0
;MSV3284-39-ROSSO;0
;MSV3284-40-CUOIO;0
;MSV3284-40-ROSSO;0
;MSV3284-41-CUOIO;0
;MSV3284-41-ROSSO;0
;MSV3286-35-ROSSO;0
;MSV3286-36-GHIACCIO;0
;MSV3286-36-NERO;0
;MSV3286-36-ROSSO;0
;MSV3286-37-GHIACCIO;0
;MSV3286-37-NERO;0
;MSV3286-37-ROSSO;0
;MSV3286-38-GHIACCIO;0
;MSV3286-38-NERO;0
;MSV3286-38-ROSSO;0
;MSV3286-39-GHIACCIO;0
;MSV3286-39-NERO;0
;MSV3286-39-ROSSO;0
;MSV3286-40-GHIACCIO;0
;MSV3286-40-NERO;0
;MSV3286-40-ROSSO;0
;MSV3286-41-ROSSO;0
;MSV3290-35-CUOIO;0
;MSV3290-35-NERO;0
;MSV3290-36-CUOIO;0
;MSV3290-36-NERO;0
;MSV3290-37-CUOIO;0
;MSV3290-37-NERO;0
;MSV3290-38-CUOIO;0
;MSV3290-38-NERO;0
;MSV3290-39-CUOIO;0
;MSV3290-39-NERO;0
;MSV3290-40-CUOIO;0
;MSV3290-40-NERO;0
;MSV3293-35-NERO;0
;MSV3293-36-NERO;0
;MSV3293-37-NERO;0
;MSV3293-38-NERO;0
;MSV3293-39-CUOIO;0
;MSV3293-39-NERO;0
;MSV3293-40-CUOIO;0
;MSV3294-35-BLU;0
;MSV3294-35-GHIACCIO;0
;MSV3294-36-BLU;0
;MSV3294-36-GHIACCIO;0
;MSV3294-37-BLU;0
;MSV3294-37-GHIACCIO;0
;MSV3294-38-BLU;0
;MSV3294-38-GHIACCIO;0
;MSV3294-39-BLU;0
;MSV3294-39-GHIACCIO;0
;MSV3294-40-BLU;0
;MSV3294-40-GHIACCIO;0
;MSV3294-41-BLU;0
;MSV3294-41-GHIACCIO;0
;MSV3295--36-GHIACCIO;0
;MSV3295--37-GHIACCIO;0
;MSV3295--39-GHIACCIO;0
;MSV3295-36-ROSSO;0
;MSV3295-37-ROSSO;0
;MSV3295-38-GHIACCIO;0
;MSV3295-38-ROSSO;0
;MSV3295-39-ROSSO;0
;MSV3295-40-ROSSO;0
;MSV3295-41-GHIACCIO;0
;MSV5269-40-NERO;0
;MSV5269-41-NERO;0
;MSV5425-37-NERO;0
;MSV7340-35-NERO;0
;MSV7344-35-T.MORO;0
;MSV7344-37-T.MORO;0
;MSV7344-38-T.MORO;0
;OBC1920-36-GRIGIO;0
;OBC1920-36-NERO;0
;OBC1920-37-GRIGIO;0
;OBC1920-37-NERO;0
;OBC1920-38-GRIGIO;0
;OBC1920-38-NERO;0
;OBC1920-39-GRIGIO;0
;OBC1920-39-NERO;0
;OBC1920-40-GRIGIO;0
;OBC1920-40-NERO;0
;OBC1920-41-GRIGIO;0
;OBC1920-41-NERO;0
;ORM12-37-ORO;0
;ORM12-38-ORO;0
;PRF1011-35-NERO;0
;PRF1011-36-NERO;0
;PRF1011-37-NERO;0
;PRF1011-38-NERO;0
;PRF1011-39-NERO;0
;PRF1011-40-NERO;0
;PRF1094-37-NERO;0
;PRF1841-37-NERO;0
;PRF5184-37-NERO;0
;PRF5184-38-NERO;0
;PRF5186-37-NERO;0
;PRF5186-38-NERO;0
;PRF5230-35-NERO;0
;PRF5230-36-NERO;0
;PRF5230-39-NERO;0
;PRF5240-39-NERO;0
;PRF5270-35-NERO;0
;PRF5270-37-NERO;0
;PRF5270-38-NERO;0
;PRF5270-39-NERO;0
;PRF5270-40-NERO;0
;PRF5270-41-NERO;0
;PRF5290-38-NERO;0
;PRF5291-35-NERO;0
;PRF5291-36-NERO;0
;PRF5291-37-NERO;0
;PRF5291-38-NERO;0
;PRF5291-40-NERO;0
;PRF5295-37-NERO;0
;PRF5296-37-NERO;0
;PRF5400-37-NERO;0
;PRF5402-37-NERO;0
;PRF5405-37-NERO;0
;PRF5406-37-NERO;0
;PRF7252-40-NERO;0
;PRF7253-35-NERO;0
;PRF7253-38-BLU;0
;PRF7254-35-NERO;0
;PRF7254-37-NERO;0
;PRF7255-36-NERO;0
;PRF7290-35-NERO;0
;PRF7290-36-NERO;0
;PRF7290-37-NERO;0
;PRF7290-38-NERO;0
;PRF7296-39-NERO;0
;PRF7296-41-NERO;0
;PRF7297-39-NERO;0
;PRF7302-35-NERO;0
;PRF7302-38-ARGENTO;0
;PRF7310-38-NERO;0
;PRF8044-42-NERO;0
;SGI6522-37-BLU;0
;SGI6522-38-BLU;0
;SGI6522-39-BLU;0
;SGI6522-39-CAMMELLO;0
;SGI6522-41-CAMMELLO;0
;SGI6522-37-JEANS;0
;SGI6524-36-ARGENTO;0
;SGI6524-36-NUDE;0
;SGI6524-39-ARGENTO;0
;SGI6524-39-NUDE;0
;SGI6524-40-ARGENTO;0
;SGI6524-40-NUDE;0
;SGI6525-37-MARRONE;0
;SGI6525-40-BEIGE;0
;SGI6525-40-MARRONE;0
;SGI6525-41-BEIGE;0
;SGI6525-36-TAUPE;0
;SGI670-39-BEIGE;0
;SGI670-39-NUDE;0
;"SGI670-40 NUDE";0
;SGI670-41-BEIGE;0
;SGI670-41-NUDE;0
;"SGI671-36- BIANCO";0
;SGI671-37-BIANCO;0
;SGI671-37-NERO;0
;SGI671-38-NERO;0
;SGI671-39-NERO;0
;SGI671-41-BIANCO;0
;SGI8521-36-NUDE;0
;SGI8521-37-NUDE;0
;SGI8521-38-NUDE;0
;SGI8521-41-NUDE;0
;SGI8530-36-ARGENTO;0
;SGI8530-36-NUDE;0
;SGI8530-37-ARGENTO;0
;SGI8530-37-NUDE;0
;SGI8530-39-ARGENTO;0
;SGI8530-40-ARGENTO;0
;SGI8530-40-NUDE;0
;SGI8530-41-NUDE;0
;SGI8950-37-NUDE;0
;SGI8950-39-NUDE;0
;SGI8950-40-NUDE;0
;SGI8950-38-NUDE;0
;SGI8950-41-NERO;0
;SGI8951-39-NUDE;0
;SGI8951-40-NUDE;0
;SGI8951-41-NUDE;0
;SGI8951-38-NUDE;0
;SGI8951-41-BEIGE;0
;SJS5264-35-NERO;0
;SJS5264-37-NERO;0
;"TELO MARE FUXIA";0
;"TELO MARE NAVY";0
;"TELO MARE-TURCHESE";0
;TELOMARE-LIME;0
;TWIST-35-PIOMBO;0
;TWIST-36-PIOMBO;0
;TWIST-37-PIOMBO;0
;TWIST-38-PIOMBO;0
;TWIST-39-PIOMBO;0
;TWIST-40-PIOMBO;0
;TWIST-41-PIOMBO;0
;U52T5CC1303-41-WHITE-GRIGIO;0
;U52T5CC1303-42-WHITE-GRIGIO;0
;U52T5CC1303-43-WHITE-GRIGIO;0
;U52T5CC1303-44-WHITE-GRIGIO;0
;U620QBC1006-40-GRIGIO;0
;U620QBC1006-41-GRIGIO;0
;U620QBC1006-42-GRIGIO;0
;U620QBC1006-43-GRIGIO;0
;U620QBC1006-44-GRIGIO;0
;U620QBC1006-45-GRIGIO;0
;U620QBC1006-46-GRIGIO;0
;U62D7FC0820-39-NAVY-ORANGE;0
;U62D7FC0820-41-NAVY-ORANGE;0
;U62D7FC0820-42-NAVY-ORANGE;0
;U62D7FC0820-43-NAVY-ORANGE;0
;U62D7FC0820-44-NAVY-ORANGE;0
;U62D7FC0820-45-NAVY-ORANGE;0
;"U64W1FC7357-39-DK. BURGUNDY";0
;"U64W1FC7357-40-DK. BURGUNDY";0
;"U64W1FC7357-41-DK. BURGUNDY";0
;"U64W1FC7357-42-DK. BURGUNDY";0
;"U64W1FC7357-43-DK. BURGUNDY";0
;"U64W1FC7357-44-DK. BURGUNDY";0
;"U64W1FC7357-45-DK. BURGUNDY";0
;"U64W1FC7357-46-DK. BURGUNDY";0
;"U743RAC9002-39-DK. GREY";0
;"U743RAC9002-40-DK. GREY";0
;"U743RAC9002-41-DK. GREY";0
;"U743RAC9002-42-DK. GREY";0
;"U743RAC9002-43-DK. GREY";0
;"U743RAC9002-44-DK. GREY";0
;"U743RAC9002-45-DK. GREY";0
;"U743RAC9002-46-DK. GREY";0
;U823FDC4002-41-NAVY;0
;U823FDC4002-42-NAVY;0
;U823FDC4002-43-NAVY;0
;U823FDC4002-44-NAVY;0
;U823FDC4002-45-NAVY;0
;U823FDC4002-46-NAVY;0
;U923FCC9004-39-ANTRACITE;0
;U923FCC9004-40-ANTRACITE;0
;U923FCC9004-41-ANTRACITE;0
;U923FCC9004-42-ANTRACITE;0
;U923FCC9004-44-ANTRACITE;0
;U923FCC9004-45-ANTRACITE;0
;U923FCC9004-46-ANTRACITE;0
;U923GBC1003-39-ICE;0
;U923GBC1003-41-ICE;0
;U923GBC1003-42-ICE;0
;U923GBC1003-43-ICE;0
;U923GBC1003-44-ICE;0
;U923GBC1003-45-ICE;0
;"UBIK71016-L-FEDERAL BLUE-ORANGE";0
;UBIK71016-L-NERO-YELLOW;0
;"UBIK71016-M-FEDERAL BLUE-ORANGE";0
;UBIK71016-M-NERO-YELLOW;0
;"UBIK71016-XL-FEDERAL BLUE-ORANGE";0
;UBIK71016-XL-NERO-YELLOW;0
;"UBIK71016-XXL-FEDERAL BLUE-ORANGE";0
;UBIK71016-XXL-NERO-YELLOW;0
;"UBIK71022-L-FEDERAL  BLUE";0
;UBIK71022-L-NERO;0
;"UBIK71022-M-FEDERAL  BLUE";0
;UBIK71022-M-NERO;0
;"UBIK71022-XL-FEDERAL  BLUE";0
;UBIK71022-XL-NERO;0
;"UBIK71022-XXL-FEDERAL  BLUE";0
;UBIK71022-XXL-NERO;0
;"UBK71016-L- MILITARY";0
;"UBK71016-L-HORIZON BLUE";0
;UBK71016-L-NAVY-RED;0
;"UBK71016-M- MILITARY";0
;"UBK71016-M-HORIZON BLUE";0
;"UBK71016B-L-BLU NAVY";0
;"UBK71016B-XXL-BLU NAVY";0
;"UBK71022-L-FEDERAL BLU";0
;UBK71022-L-NAVY-YELLOW;0
;"UIB05026G3-L-THREE PACK";0
;"UIB05029G3-L-THREE PACK";0
;"UPJ10009S-L-FEDERAL BLUE";0
;UPJ10011S-L-GRIGIO;0
;"UPJ300013S-L-GREY MEL.-NERO";0
;UPJ3008S-L-NAVY-GRIGIO;0
;UPJ96220-L-IRIS;0
;UPJ96220S-L-IRIS;0
;UPJ96220S-L-LOTUS;0
;UPJ96226S-L-BLU;0
;UPJ96226S-L-GRIGIO;0
;VERACRUZ-35-NOCCIOLA;0
;WILDE-35-NERO;0
;"WILDE-35-TESTA DI MORO";0
;MSV7336-36-NERO;0
;MSV7336-37-MARRONE;0
;IGS3352-35-NUDE;0
;MSV7825-40-NERO;0
;STIVALE-37-NERO;0
;PRF5815-37-NERO;0
